insert into member (id, loginname, role, name, password, registrationdate, status, surname) values (1, 'admin', 'admin', 'Administrator', '$2a$10$ln33Gc3dXRhU/dL5qh69cu8kywqt7PEKmvHzxfB.aIqmsnLf42LlW', '2016-01-12', 'ACTIVE', 'Administrator');
insert into member (id, loginname, role, name, password, registrationdate, status, surname) values (34, 'viktorija@gmail.com', 'user', 'Viktorija', '$2a$10$kkZrPAZv1PqYX43b5.cgu.khF576Z4ycGGiUVOijx9IVUwm2veo2K', '2016-01-12', 'ACTIVE', 'P.');
insert into member (id, loginname, role, name, password, registrationdate, status, surname) values (35, 'egidijus@gmail.com', 'user', 'Egidijus', '$2a$10$Tz9NUqRX/w43xa.Wupqri.8P1u8COFvNZPhyWJ96MValGqjU.FRcq', '2016-01-12', 'ACTIVE', 'J.');
insert into member (id, loginname, role, name, password, registrationdate, status, surname) values (36, 'lina@gmail.com', 'user', 'Lina', '$2a$10$nPbNrf0eJz5UrY2NLSHkge3NDX98RHFl6478.gjAvLCJLACbNVK4a', '2016-01-12', 'ACTIVE', 'K.');
insert into member (id, loginname, role, name, password, registrationdate, status, surname) values (37, 'userNoProjects@gmail.com', 'user', 'User', '$2a$10$nPbNrf0eJz5UrY2NLSHkge3NDX98RHFl6478.gjAvLCJLACbNVK4a', '2016-02-29', 'ACTIVE', 'User');
insert into project ( name, datecreated, description, enddate, id, manager_id, startdate) values ('Old project', '2015-12-29', 'This is old project', '2016-01-29', 4, 35, '2015-12-29');
insert into project ( name, datecreated, description, enddate, id, manager_id, startdate) values ('Vika pro', '2016-02-01', 'This is Vika`s project', '2016-04-01', 2, 34, '2016-02-08');
insert into project ( name, datecreated, description, enddate, id, manager_id, startdate) values ('Egidijus pro', '2016-02-01', 'This is Egis`s project', '2016-04-01', 1, 35, '2016-02-08');
insert into project ( name, datecreated, description, enddate, id, manager_id, startdate) values ('Lina pro', '2016-02-01', 'This is Lina`s project', '2016-04-01', 3, 36, '2016-02-08');
insert into sprint ( id , datecreated , enddate , name , startdate , project_id , status ) values ( 2, '2016-02-22', '2016-03-13 20:00:00', 'SprintNew', '2016-02-21', 1, 1);
insert into sprint ( id , datecreated , enddate , name , startdate , project_id , status ) values ( 5, '2016-02-08', '2016-02-20 20:00:00', 'SprintOld', '2016-02-08', 1, 2);
insert into assignment(id, creationdate, description, editeddate, name, status, valueinstorypoints, member_id, creator_id, project_id, sprint_id, donedate, done_author_id) values (1, '2016-02-08', 'First description', '2016-02-10 13:23:00', 'First assignment', 2, 8, 34, 35, 1, 5, '2016-02-10 13:23:00', 34);
insert into assignment(id, creationdate, description, editeddate, name, status, valueinstorypoints, member_id, creator_id, project_id, sprint_id, donedate, done_author_id) values (2, '2016-02-08', 'Second description', '2016-02-12 16:23:00', 'Second assignment', 2, 8, 34, 34, 1, 5, '2016-02-12 16:23:00', 34);
insert into assignment(id, creationdate, description, editeddate, name, status, valueinstorypoints, member_id, creator_id, project_id, sprint_id, donedate, done_author_id) values (32, '2016-02-08', 'Fifth description', '2016-02-13', 'Fifth assignment', 2, 3, 36, 35, 1, 5, '2016-02-13 13:23:00', 36);
insert into assignment(id, creationdate, description, editeddate, name, status, valueinstorypoints, member_id, creator_id, project_id, sprint_id, donedate, done_author_id) values (42, '2016-02-08', 'Sixth description', '2016-02-18', 'Sixth assignment', 2, 5, 35, 34, 1, 5, '2016-02-18 13:23:00', 35);
insert into assignment(id, creationdate, description, editeddate, name, status, valueinstorypoints, member_id, creator_id, project_id, sprint_id, donedate, done_author_id) values (43, '2016-02-08', 'NOT DONE', '2016-02-19', 'BLA assignment', 1, 3, 35, 34, 1, 5, null, null);

insert into assignment(id, creationdate, description, editeddate, name, status, valueinstorypoints, member_id, creator_id, project_id, sprint_id, donedate, done_author_id) values (22, '2016-02-08', 'Fourth description', '2016-02-23 16:23:00', 'Fourth assignment', 2, 13, 35, 35, 1, 2, '2016-02-23 13:23:00', 35);
insert into assignment(id, creationdate, description, editeddate, name, status, valueinstorypoints, member_id, creator_id, project_id, sprint_id, donedate, done_author_id) values (51, '2016-02-08', '9th description', '2016-02-26 13:23:00', '9th assignment', 2, 8, 35, 34, 1, 2, '2016-02-26 13:23:00', 35);
insert into assignment(id, creationdate, description, editeddate, name, status, valueinstorypoints, member_id, creator_id, project_id, sprint_id, donedate, done_author_id) values (5, '2016-02-08', '8th description', '2016-02-29 13:20:00', '8th assignment', 2, 13, 34, 35, 1, 2, '2016-02-29 13:20:00', 34);
insert into assignment(id, creationdate, description, editeddate, name, status, valueinstorypoints, member_id, creator_id, project_id, sprint_id, donedate, done_author_id) values (12, '2016-02-08', 'Third description', '2016-03-01', 'Third assignment', 1, 3, 35, 34, 1, 2, null, null);
insert into assignment(id, creationdate, description, editeddate, name, status, valueinstorypoints, member_id, creator_id, project_id, sprint_id, donedate, done_author_id) values (3, '2016-02-08', '7th description', '2016-02-08', '7th assignment', 0, 5, 35, 34, 1, 2, null, null);
insert into assignment(id, creationdate, description, editeddate, name, status, valueinstorypoints, member_id, creator_id, project_id, sprint_id, donedate, done_author_id) values (52, '2016-02-08', '11th description', '2016-02-08', '11th assignment', 0, 5, 35, 35, 1, 2, null, null);
insert into assignment(id, creationdate, description, editeddate, name, status, valueinstorypoints, member_id, creator_id, project_id, sprint_id, donedate, done_author_id) values (53, '2016-02-14', '16th description', '2016-02-16', '16th assignment', 1, 3, 34, 34, 1, 2, null, null);
insert into assignment(id, creationdate, description, editeddate, name, status, valueinstorypoints, member_id, creator_id, project_id, sprint_id, donedate, done_author_id) values (4, '2016-02-12', '15th description', '2016-02-12', '15th assignment', 0, 5, 34, 35, 1, 2, null, null);
insert into assignment(id, creationdate, description, editeddate, name, status, valueinstorypoints, member_id, creator_id, project_id, sprint_id, donedate, done_author_id) values (6, '2016-02-12', '14th description', '2016-02-12', '14th assignment', 0, 5, 34, 34, 1, 2, null, null);
insert into assignment(id, creationdate, description, editeddate, name, status, valueinstorypoints, member_id, creator_id, project_id, sprint_id, donedate, done_author_id) values (62, '2016-02-08', '13th description', '2016-02-25', '13th assignment', 1, 3, 35, 34, 1, 2, null, null);
insert into assignment(id, creationdate, description, editeddate, name, status, valueinstorypoints, member_id, creator_id, project_id, sprint_id, donedate, done_author_id) values (61, '2016-02-08', '12th description', '2016-02-15', '12th assignment', 0, 5, 34, 34, 1, 2, null, null);
insert into assignment(id, creationdate, description, editeddate, name, status, valueinstorypoints, member_id, creator_id, project_id, sprint_id, donedate, done_author_id) values (63, '2016-02-08', '17th description', '2016-02-08', '14th assignment', 0, 3, 35, 34, 1, 2, null, null);
insert into assignment(id, creationdate, description, editeddate, name, status, valueinstorypoints, member_id, creator_id, project_id, sprint_id, donedate, done_author_id) values (64, '2016-02-12', '18th description', '2016-02-12', '21st assignment', 0, 5, 34, 34, 1, 2, null, null);
insert into assignment(id, creationdate, description, editeddate, name, status, valueinstorypoints, member_id, creator_id, project_id, sprint_id, donedate, done_author_id) values (65, '2016-02-08', '19th description', '2016-02-25', '22nd assignment', 1, 3, 35, 34, 1, 2, null, null);
insert into assignment(id, creationdate, description, editeddate, name, status, valueinstorypoints, member_id, creator_id, project_id, sprint_id, donedate, done_author_id) values (66, '2016-02-08', '23th description', '2016-02-16', '23th assignment', 0, 5, 34, 34, 1, 2, null, null);
insert into assignment(id, creationdate, description, editeddate, name, status, valueinstorypoints, member_id, creator_id, project_id, sprint_id, donedate, done_author_id) values (67, '2016-02-08', '24th description', '2016-02-10', '24th assignment', 0, 5, 35, 34, 1, 2, null, null);
insert into assignment(id, creationdate, description, editeddate, name, status, valueinstorypoints, member_id, creator_id, project_id, sprint_id, donedate, done_author_id) values (68, '2016-02-08', '25th description', '2016-02-16', '25th assignment', 0, 3, 34, 34, 1, 2, null, null);
insert into assignment(id, creationdate, description, editeddate, name, status, valueinstorypoints, member_id, creator_id, project_id, sprint_id, donedate, done_author_id) values (69, '2016-02-08', '26th description', '2016-02-10', '26th assignment', 0, 1, 35, 34, 1, 2, null, null);
insert into assignment(id, creationdate, description, editeddate, name, status, valueinstorypoints, member_id, creator_id, project_id, sprint_id, donedate, done_author_id) values (70, '2016-02-08', '25th description', '2016-02-16', '25th assignment', 0, 3, 35, 34, 1, 2, null, null);
insert into assignment(id, creationdate, description, editeddate, name, status, valueinstorypoints, member_id, creator_id, project_id, sprint_id, donedate, done_author_id) values (71, '2016-02-08', '26th description', '2016-02-10', '26th assignment', 0, 1, 35, 34, 1, 2, null, null);
insert into assignment(id, creationdate, description, editeddate, name, status, valueinstorypoints, member_id, creator_id, project_id, sprint_id, donedate, done_author_id) values (72, '2016-02-08', 'Not in Sprint', '2016-02-10', 'Another assignment', 0, 1, 35, 34, 1, null, null, null);

insert into assignment(id, creationdate, description, editeddate, name, status, valueinstorypoints, member_id, creator_id, project_id, sprint_id, donedate, done_author_id) values (73, '2016-02-08', 'Another Project desc', '2016-02-10', 'AssTOP1', 0, 3, 36, 36, 2, null, null, null);
insert into assignment(id, creationdate, description, editeddate, name, status, valueinstorypoints, member_id, creator_id, project_id, sprint_id, donedate, done_author_id) values (74, '2016-02-08', 'WEEEE', '2016-02-10', 'Foo assignment', 0, 3, 34, 34, 3, null, null, null);

insert into burndowndata ( id , day , storypointsleft , sprint_id , totalStoryPointsPerSprint , sprintPeriodInDays ) values ( 1, 1, 27, 5, 27, 14);
insert into burndowndata ( id , day , storypointsleft , sprint_id , totalStoryPointsPerSprint , sprintPeriodInDays ) values ( 13, 3, 19, 5, 27, 14);
insert into burndowndata ( id , day , storypointsleft , sprint_id , totalStoryPointsPerSprint , sprintPeriodInDays ) values ( 14, 5, 11, 5, 27, 14);
insert into burndowndata ( id , day , storypointsleft , sprint_id , totalStoryPointsPerSprint , sprintPeriodInDays ) values ( 15, 10, 3, 5, 27, 14);
insert into burndowndata ( id , day , storypointsleft , sprint_id , totalStoryPointsPerSprint , sprintPeriodInDays ) values ( 16, 14, 3, 5, 27, 14);

insert into burndowndata ( id , day , storypointsleft , sprint_id , totalStoryPointsPerSprint , sprintPeriodInDays ) values ( 2, 1, 97, 2, 97, 21);
insert into burndowndata ( id , day , storypointsleft , sprint_id , totalStoryPointsPerSprint , sprintPeriodInDays ) values ( 3, 3, 84, 2, 97, 21);
insert into burndowndata ( id , day , storypointsleft , sprint_id , totalStoryPointsPerSprint , sprintPeriodInDays ) values ( 4, 6, 76, 2, 97, 21);
insert into burndowndata ( id , day , storypointsleft , sprint_id , totalStoryPointsPerSprint , sprintPeriodInDays ) values ( 5, 9, 63, 3, 97, 21);

insert into comment (id, commentdate, commenttext, author, assignment) values (4, '2016-02-09', 'First comment', 35, 1);
insert into comment (id, commentdate, commenttext, author, assignment) values (5, '2016-02-14', 'Vieta jusu anekdotui', 34, 2);
insert into comment (id, commentdate, commenttext, author, assignment) values (6, '2016-02-25', 'First comment', 35, 22);
insert into comment (id, commentdate, commenttext, author, assignment) values (7, '2016-02-21', 'First comment', 35, 51);
insert into comment (id, commentdate, commenttext, author, assignment) values (9, '2016-02-26', 'Second comment', 34, 1);
insert into comment (id, commentdate, commenttext, author, assignment) values (8, '2016-02-13', 'Third comment', 35, 2);
insert into project_member (workingprojects_id, workers_id) values(2, 36);
insert into project_member (workingprojects_id, workers_id) values(2, 35);
insert into project_member (workingprojects_id, workers_id) values(1, 35);
insert into project_member (workingprojects_id, workers_id) values(2, 34);
insert into project_member (workingprojects_id, workers_id) values(1, 34);
insert into project_member (workingprojects_id, workers_id)  values(3, 34);
insert into project_member (workingprojects_id, workers_id)  values(3, 35);
insert into project_member (workingprojects_id, workers_id)  values(3, 36);